forecast_date,target_month,model,yhat,pi_low,pi_high,is_oos
2024-01-01,2024-01-01,seasonal_naive,166.23571428571427,166.23571428571427,166.23571428571427,1
2024-02-01,2024-02-01,seasonal_naive,159.2975,159.2975,159.2975,1
2024-03-01,2024-03-01,seasonal_naive,181.0578947368421,181.0578947368421,181.0578947368421,1
2024-04-01,2024-04-01,seasonal_naive,177.02391304347827,177.02391304347827,177.02391304347827,1
2024-05-01,2024-05-01,seasonal_naive,189.13684210526316,189.13684210526316,189.13684210526316,1
2024-06-01,2024-06-01,seasonal_naive,185.30454545454543,185.30454545454543,185.30454545454543,1
2024-07-01,2024-07-01,seasonal_naive,175.42619047619047,175.42619047619047,175.42619047619047,1
2024-08-01,2024-08-01,seasonal_naive,159.6525,159.6525,159.6525,1
2024-09-01,2024-09-01,seasonal_naive,156.1304347826087,156.1304347826087,156.1304347826087,1
2024-10-01,2024-10-01,seasonal_naive,152.72750000000002,152.72750000000002,152.72750000000002,1
2024-11-01,2024-11-01,seasonal_naive,155.65454545454546,155.65454545454546,155.65454545454546,1
2024-12-01,2024-12-01,seasonal_naive,170.86428571428573,170.86428571428573,170.86428571428573,1
2025-01-01,2025-01-01,seasonal_naive,188.20999999999998,188.20999999999998,188.20999999999998,1
2025-02-01,2025-02-01,seasonal_naive,186.5595238095238,186.5595238095238,186.5595238095238,1
2025-03-01,2025-03-01,seasonal_naive,185.8675,185.8675,185.8675,1
2025-04-01,2025-04-01,seasonal_naive,185.4275,185.4275,185.4275,1
2025-05-01,2025-05-01,seasonal_naive,218.68636363636367,218.68636363636367,218.68636363636367,1
2025-06-01,2025-06-01,seasonal_naive,209.52954545454543,209.52954545454543,209.52954545454543,1
2025-07-01,2025-07-01,seasonal_naive,227.4,227.4,227.4,1
2025-08-01,2025-08-01,seasonal_naive,236.52045454545453,236.52045454545453,236.52045454545453,1
2025-09-01,2025-09-01,seasonal_naive,240.9409090909091,240.9409090909091,240.9409090909091,1
2025-10-01,2025-10-01,seasonal_naive,256.425,256.425,256.425,1
2025-11-01,2025-11-01,seasonal_naive,252.72391304347823,252.72391304347823,252.72391304347823,1
2025-12-01,2025-12-01,seasonal_naive,277.9525,277.9525,277.9525,1
2026-01-01,2026-01-01,seasonal_naive,321.0404761904762,321.0404761904762,321.0404761904762,1
2024-01-01,2024-01-01,arima,192.70730609333125,174.68858948385463,210.72602270280788,1
2024-02-01,2024-02-01,arima,188.0395856621023,170.03834580518728,206.04082551901732,1
2024-03-01,2024-03-01,arima,186.31872946605387,168.34689986640612,204.29055906570161,1
2024-04-01,2024-04-01,arima,185.52206680241747,167.58094377030866,203.46318983452628,1
2024-05-01,2024-05-01,arima,224.81650700890066,206.50659190128266,243.12642211651865,1
2024-06-01,2024-06-01,arima,210.74005363051776,192.3804888045839,229.09961845645162,1
2024-07-01,2024-07-01,arima,231.02260518771425,212.5973840644948,249.4478263109337,1
2024-08-01,2024-08-01,arima,239.96325394178913,221.55986634005822,258.3666415435201,1
2024-09-01,2024-09-01,arima,243.51072473040404,225.13900984027168,261.8824396205364,1
2024-10-01,2024-10-01,arima,260.44513047592926,242.04473970727358,278.8455212445849,1
2024-11-01,2024-11-01,arima,254.3077983165321,235.9175583528688,272.69803828019536,1
2024-12-01,2024-12-01,arima,282.99079954967243,264.4412662092524,301.5403328900925,1
2025-01-01,2025-01-01,arima,331.9529918202865,312.94651026280985,350.9594733777632,1
2025-02-01,2025-02-01,arima,345.79287182750016,326.8123780221449,364.7733656328554,1
2025-03-01,2025-03-01,arima,415.0543167732544,395.33408241339424,434.7745511331146,1
2025-04-01,2025-04-01,arima,398.27461742744714,378.3823802327121,418.1668546221822,1
2025-05-01,2025-05-01,arima,375.84176711906196,355.8070914422768,395.8764427958471,1
2025-06-01,2025-06-01,arima,371.924700709197,351.91702535781906,391.93237606057494,1
2025-07-01,2025-07-01,arima,324.65434453447693,304.21714799115466,345.0915410777992,1
2025-08-01,2025-08-01,arima,282.46843717979044,261.8112198781173,303.1256544814636,1
2025-09-01,2025-09-01,arima,336.83588763126625,315.4677296714181,358.2040455911144,1
2025-10-01,2025-10-01,arima,390.76118821241323,368.953692385345,412.56868403948147,1
2025-11-01,2025-11-01,arima,397.7257259360739,375.9529763073359,419.4984755648119,1
2025-12-01,2025-12-01,arima,380.17020680921684,358.3635636440437,401.97684997438995,1
2026-01-01,2026-01-01,arima,354.648884032484,332.76425621586566,376.5335118491023,1
2024-01-01,2024-01-01,sarima,192.89835623451526,174.75834121084014,211.03837125819038,1
2024-02-01,2024-02-01,sarima,184.52494514546487,166.40315347829133,202.6467368126384,1
2024-03-01,2024-03-01,sarima,187.67311130064775,169.58305946608812,205.76316313520738,1
2024-04-01,2024-04-01,sarima,183.88654224080824,165.82701986453884,201.94606461707764,1
2024-05-01,2024-05-01,sarima,225.07054745308102,206.58753170314964,243.5535632030124,1
2024-06-01,2024-06-01,sarima,211.66415578558357,193.12800783698165,230.2003037341855,1
2024-07-01,2024-07-01,sarima,232.63914574245135,214.04547300832525,251.23281847657745,1
2024-08-01,2024-08-01,sarima,239.65216943777014,221.0865892406334,258.2177496349069,1
2024-09-01,2024-09-01,sarima,243.47711032992953,224.94367101544225,262.0105496444168,1
2024-10-01,2024-10-01,sarima,259.8229880332225,241.2625976801026,278.3833783863424,1
2024-11-01,2024-11-01,sarima,252.62080427728804,234.07434786571517,271.1672606888609,1
2024-12-01,2024-12-01,sarima,280.782672474002,262.04240070730845,299.5229442406956,1
2025-01-01,2025-01-01,sarima,332.096513768322,312.84109553210226,351.3519320045417,1
2025-02-01,2025-02-01,sarima,345.61285479284254,326.38491760667745,364.84079197900763,1
2025-03-01,2025-03-01,sarima,415.131888029313,395.1317524525464,435.13202360607966,1
2025-04-01,2025-04-01,sarima,395.5195382132218,375.35115332531075,415.6879231011328,1
2025-05-01,2025-05-01,sarima,377.903031295997,357.62508952518726,398.1809730668067,1
2025-06-01,2025-06-01,sarima,370.4932706351123,350.237841117428,390.74870015279663,1
2025-07-01,2025-07-01,sarima,324.46535050108673,303.80328690265833,345.12741409951514,1
2025-08-01,2025-08-01,sarima,282.8430109113579,261.9559081540925,303.7301136686233,1
2025-09-01,2025-09-01,sarima,334.67965103660447,313.0647033626587,356.29459871055025,1
2025-10-01,2025-10-01,sarima,391.12621244032607,369.0137272364837,413.23869764416844,1
2025-11-01,2025-11-01,sarima,395.4405149735697,373.3650010187566,417.5160289283828,1
2025-12-01,2025-12-01,sarima,376.58986592172135,354.5009035412132,398.67882830222953,1
2026-01-01,2026-01-01,sarima,354.34980102775666,332.2221967036603,376.477405351853,1
2024-01-01,2024-01-01,sarimax,195.19246908599115,176.86137331044668,213.52356486153562,1
2024-02-01,2024-02-01,sarimax,184.59170940295996,166.3034575330762,202.87996127284373,1
2024-03-01,2024-03-01,sarimax,186.78604052956968,168.52965664412173,205.04242441501762,1
2024-04-01,2024-04-01,sarimax,182.9692244755184,164.74785578819493,201.19059316284185,1
2024-05-01,2024-05-01,sarimax,225.63259153201545,207.02441704372794,244.24076602030297,1
2024-06-01,2024-06-01,sarimax,209.41213610086615,190.74810268638927,228.07616951534303,1
2024-07-01,2024-07-01,sarimax,233.18347922346987,214.3963818942065,251.97057655273323,1
2024-08-01,2024-08-01,sarimax,239.21178670461666,220.45580478342197,257.96776862581135,1
2024-09-01,2024-09-01,sarimax,245.14786236170772,226.42337434470767,263.8723503787078,1
2024-10-01,2024-10-01,sarimax,257.0233017180773,238.2839427010222,275.76266073513233,1
2024-11-01,2024-11-01,sarimax,249.40293530126257,230.68805942987754,268.1178111726476,1
2024-12-01,2024-12-01,sarimax,281.3093612968601,262.3654114973705,300.25331109634976,1
2025-01-01,2025-01-01,sarimax,338.86560042044505,319.447386507818,358.2838143330721,1
2025-02-01,2025-02-01,sarimax,340.5252280451604,321.11099048241215,359.9394656079087,1
2025-03-01,2025-03-01,sarimax,410.33580163550755,389.93167118834225,430.73993208267285,1
2025-04-01,2025-04-01,sarimax,387.3678935772225,366.8291580502617,407.9066291041833,1
2025-05-01,2025-05-01,sarimax,375.12488375166066,354.5685336874757,395.68123381584564,1
2025-06-01,2025-06-01,sarimax,370.67919491840775,350.1582481203794,391.20014171643606,1
2025-07-01,2025-07-01,sarimax,330.339972219465,309.41829976384304,351.2616446750869,1
2025-08-01,2025-08-01,sarimax,286.9995164255797,265.82898359844785,308.1700492527116,1
2025-09-01,2025-09-01,sarimax,333.441793272995,311.59522069004004,355.28836585595,1
2025-10-01,2025-10-01,sarimax,389.65896600348105,367.24112294663837,412.07680906032374,1
2025-11-01,2025-11-01,sarimax,394.5216528603471,372.1405986840036,416.90270703669063,1
2025-12-01,2025-12-01,sarimax,375.1451201177223,352.7260776209716,397.564162614473,1
2026-01-01,2026-01-01,sarimax,351.0787452412078,328.57126206337347,373.58622841904213,1
2024-01-01,2024-01-01,xgboost,182.85142517089844,180.48387717292422,184.9820725079491,1
2024-02-01,2024-02-01,xgboost,179.33529663085938,177.1984222002566,181.75286203931725,1
2024-03-01,2024-03-01,xgboost,176.8726348876953,174.4282857498565,179.07661769173365,1
2024-04-01,2024-04-01,xgboost,173.98646545410156,171.63192538703157,176.3464386556271,1
2024-05-01,2024-05-01,xgboost,219.55148315429688,217.36217261987332,221.8354569007107,1
2024-06-01,2024-06-01,xgboost,213.18911743164062,211.08968528516365,215.37977455603558,1
2024-07-01,2024-07-01,xgboost,214.069580078125,211.78302030401446,216.30934663318453,1
2024-08-01,2024-08-01,xgboost,238.37904357910156,236.20952126143814,240.70554815191971,1
2024-09-01,2024-09-01,xgboost,242.07505798339844,239.79908719909858,244.3792504837182,1
2024-10-01,2024-10-01,xgboost,252.48733520507812,250.4160853281134,254.6201658874776,1
2024-11-01,2024-11-01,xgboost,251.12362670898438,248.7834614690145,253.38305689770243,1
2024-12-01,2024-12-01,xgboost,263.5353088378906,261.16840939487867,265.8495831411261,1
2025-01-01,2025-01-01,xgboost,277.46112060546875,274.97801711794887,280.14726739792593,1
2025-02-01,2025-02-01,xgboost,296.22088623046875,293.6880329300521,298.72921682606574,1
2025-03-01,2025-03-01,xgboost,386.9282531738281,384.1297391212761,389.95520324592303,1
2025-04-01,2025-04-01,xgboost,385.97412109375,383.3647060103644,388.62840610104513,1
2025-05-01,2025-05-01,xgboost,362.5024719238281,359.8751626301225,365.1377757914388,1
2025-06-01,2025-06-01,xgboost,364.8870849609375,362.09190339587985,367.5066685726768,1
2025-07-01,2025-07-01,xgboost,334.236083984375,331.2545069181764,336.74624163957077,1
2025-08-01,2025-08-01,xgboost,321.7049560546875,318.9401653745577,324.35027686379175,1
2025-09-01,2025-09-01,xgboost,327.46575927734375,324.5927188561179,330.10552212233773,1
2025-10-01,2025-10-01,xgboost,379.47552490234375,376.61475509643554,382.0888412085511,1
2025-11-01,2025-11-01,xgboost,380.0238037109375,377.05898392417214,382.7397052466351,1
2025-12-01,2025-12-01,xgboost,366.84869384765625,364.1756681790559,369.4228579598184,1
2026-01-01,2026-01-01,xgboost,367.4266052246094,364.615848999325,369.85569033893785,1
2026-01-01,2026-02-01,sarimax_future_path,346.5172684470779,324.040538972482,368.99399792167384,0
2026-01-01,2026-03-01,sarimax_future_path,347.5634995739436,325.0995837063664,370.0274154415208,0
2026-01-01,2026-04-01,sarimax_future_path,349.9912364815891,327.5641466391204,372.41832632405783,0
2026-01-01,2026-05-01,sarimax_future_path,349.5969974038268,327.2070612702216,371.986933537432,0
2026-01-01,2026-06-01,sarimax_future_path,355.8642899328486,333.51307822006817,378.215501645629,0
2026-01-01,2026-07-01,sarimax_future_path,362.3711436896547,340.0470188192216,384.69526856008775,0
2026-01-01,2026-08-01,sarimax_future_path,356.24352163675854,333.94926930676246,378.5377739667546,0
2026-01-01,2026-09-01,sarimax_future_path,348.8307048349413,326.5582032041164,371.10320646576616,0
2026-01-01,2026-10-01,sarimax_future_path,346.802497838389,324.55530615875034,369.04968951802766,0
2026-01-01,2026-11-01,sarimax_future_path,348.86583945262413,326.6565494251869,371.0751294800614,0
2026-01-01,2026-12-01,sarimax_future_path,352.8443350905809,330.67069577279085,375.01797440837095,0
2026-01-01,2027-01-01,sarimax_future_path,352.6823893066391,330.54227313807536,374.82250547520283,0
