date,enso_nino12,enso_nino3,enso_nino4,enso_nino34,enso_anom12,enso_anom3,enso_anom4,enso_anom34,psd_arabica_production,psd_beginning_stocks,psd_domestic_consumption,psd_ending_stocks,psd_exports,psd_imports,psd_production,psd_robusta_production,psd_total_distribution,psd_total_supply,precip_mean_mm_10c,precip_mean_mm_10c_carryforward_flag
2000-01-01,23.81,24.0,26.99,24.78,-0.76,-1.66,-1.33,-1.77,,,,,,,,,,,,1
2000-02-01,25.48,25.27,26.73,25.21,-0.62,-1.14,-1.47,-1.55,,,,,,,,,,,,1
2000-03-01,26.02,26.7,26.89,26.3,-0.47,-0.5,-1.43,-0.98,,,,,,,,,,,,1
2000-04-01,25.5,27.41,27.2,26.95,-0.04,-0.17,-1.43,-0.87,,,,,,,,,,,,1
2000-05-01,24.02,26.88,27.63,27.07,-0.4,-0.37,-1.29,-0.86,,,,,,,,,,,,1
2000-06-01,22.75,26.03,28.06,26.94,-0.38,-0.59,-0.91,-0.79,,,,,,,,,,,,1
2000-07-01,21.68,25.18,28.17,26.63,-0.28,-0.62,-0.73,-0.67,,,,,,,,,,,,1
2000-08-01,20.44,24.64,28.16,26.37,-0.57,-0.48,-0.62,-0.49,,,,,,,,,,,,1
2000-09-01,20.5,24.59,28.27,26.2,-0.23,-0.32,-0.49,-0.52,,,,,,,,,,,,1
2000-10-01,20.74,24.48,28.11,26.02,-0.27,-0.5,-0.65,-0.7,,,,,,,,,,,,1
2000-11-01,20.46,24.4,27.92,25.92,-1.19,-0.7,-0.77,-0.79,,,,,,,,,,,,1
2000-12-01,21.85,24.57,27.59,25.68,-0.96,-0.66,-0.95,-0.92,,,,,,,,,,,,1
2001-01-01,23.94,25.24,27.43,25.81,-0.63,-0.42,-0.89,-0.73,,,,,,,,,,,,1
2001-02-01,25.62,26.12,27.37,26.12,-0.48,-0.28,-0.82,-0.63,,,,,,,,,,,,1
2001-03-01,26.66,27.2,27.61,26.8,0.17,-0.01,-0.71,-0.48,,,,,,,,,,,,1
2001-04-01,25.72,27.46,28.04,27.33,0.18,-0.12,-0.59,-0.49,,,,,,,,,,,,1
2001-05-01,23.71,27.11,28.53,27.6,-0.71,-0.14,-0.39,-0.34,,,,,,,,,,,,1
2001-06-01,22.28,26.34,28.79,27.54,-0.85,-0.28,-0.17,-0.19,,,,,,,,,,,,1
2001-07-01,21.38,25.53,28.98,27.25,-0.58,-0.27,0.09,-0.04,,,,,,,,,,,,1
2001-08-01,20.16,24.9,28.84,26.8,-0.84,-0.22,0.05,-0.05,,,,,,,,,,,,1
2001-09-01,19.6,24.31,28.97,26.52,-1.13,-0.59,0.21,-0.2,,,,,,,,,,,,1
2001-10-01,19.88,24.55,28.95,26.57,-1.13,-0.43,0.19,-0.14,,,,,,,,,,,,1
2001-11-01,20.77,24.42,28.78,26.33,-0.89,-0.68,0.08,-0.37,,,,,,,,,,,,1
2001-12-01,21.79,24.61,28.66,26.19,-1.02,-0.62,0.12,-0.41,,,,,,,,,,,,1
2002-01-01,23.79,25.17,28.72,26.39,-0.78,-0.49,0.4,-0.15,52717.0,13440.0,20088.0,14418.0,66992.0,536.0,87522.0,34805.0,101498.0,101498.0,1921.159,0
2002-02-01,26.03,26.16,28.66,26.71,-0.07,-0.24,0.46,-0.04,52717.0,13440.0,20088.0,14418.0,66992.0,536.0,87522.0,34805.0,101498.0,101498.0,1921.159,0
2002-03-01,27.25,27.35,28.57,27.29,0.77,0.14,0.25,0.01,52717.0,13440.0,20088.0,14418.0,66992.0,536.0,87522.0,34805.0,101498.0,101498.0,1921.159,0
2002-04-01,26.35,27.58,29.03,27.84,0.82,0.0,0.41,0.02,52717.0,13440.0,20088.0,14418.0,66992.0,536.0,87522.0,34805.0,101498.0,101498.0,1921.159,0
2002-05-01,25.04,27.51,29.52,28.24,0.63,0.26,0.6,0.31,52717.0,13440.0,20088.0,14418.0,66992.0,536.0,87522.0,34805.0,101498.0,101498.0,1921.159,0
2002-06-01,23.51,27.19,29.61,28.44,0.38,0.57,0.64,0.72,52717.0,13440.0,20088.0,14418.0,66992.0,536.0,87522.0,34805.0,101498.0,101498.0,1921.159,0
2002-07-01,21.72,26.19,29.52,28.03,-0.23,0.39,0.63,0.74,52717.0,13440.0,20088.0,14418.0,66992.0,536.0,87522.0,34805.0,101498.0,101498.0,1921.159,0
2002-08-01,20.74,25.63,29.43,27.72,-0.26,0.51,0.64,0.87,52717.0,13440.0,20088.0,14418.0,66992.0,536.0,87522.0,34805.0,101498.0,101498.0,1921.159,0
2002-09-01,20.93,25.76,29.37,27.81,0.2,0.86,0.61,1.09,52717.0,13440.0,20088.0,14418.0,66992.0,536.0,87522.0,34805.0,101498.0,101498.0,1921.159,0
2002-10-01,21.39,25.97,29.41,27.96,0.37,0.99,0.65,1.25,52717.0,13440.0,20088.0,14418.0,66992.0,536.0,87522.0,34805.0,101498.0,101498.0,1921.159,0
2002-11-01,22.63,26.4,29.55,28.17,0.97,1.3,0.85,1.47,52717.0,13440.0,20088.0,14418.0,66992.0,536.0,87522.0,34805.0,101498.0,101498.0,1921.159,0
2002-12-01,23.91,26.44,29.38,27.97,1.1,1.21,0.84,1.37,52717.0,13440.0,20088.0,14418.0,66992.0,536.0,87522.0,34805.0,101498.0,101498.0,1921.159,0
2003-01-01,24.69,26.23,28.89,27.15,0.13,0.57,0.57,0.6,52683.0,14418.0,21204.0,11852.0,69030.0,416.0,87252.0,34569.0,102086.0,102086.0,1818.6919999999998,0
2003-02-01,25.98,26.84,28.88,27.39,-0.12,0.44,0.69,0.64,52683.0,14418.0,21204.0,11852.0,69030.0,416.0,87252.0,34569.0,102086.0,102086.0,1818.6919999999998,0
2003-03-01,26.42,27.39,28.92,27.65,-0.07,0.19,0.6,0.36,52683.0,14418.0,21204.0,11852.0,69030.0,416.0,87252.0,34569.0,102086.0,102086.0,1818.6919999999998,0
2003-04-01,24.98,27.14,28.96,27.68,-0.56,-0.44,0.33,-0.14,52683.0,14418.0,21204.0,11852.0,69030.0,416.0,87252.0,34569.0,102086.0,102086.0,1818.6919999999998,0
2003-05-01,22.77,26.29,28.86,27.32,-1.65,-0.96,-0.05,-0.61,52683.0,14418.0,21204.0,11852.0,69030.0,416.0,87252.0,34569.0,102086.0,102086.0,1818.6919999999998,0
2003-06-01,21.77,26.03,29.07,27.44,-1.35,-0.59,0.1,-0.29,52683.0,14418.0,21204.0,11852.0,69030.0,416.0,87252.0,34569.0,102086.0,102086.0,1818.6919999999998,0
2003-07-01,20.95,25.92,29.08,27.5,-1.01,0.12,0.19,0.21,52683.0,14418.0,21204.0,11852.0,69030.0,416.0,87252.0,34569.0,102086.0,102086.0,1818.6919999999998,0
2003-08-01,21.02,25.38,28.98,27.11,0.01,0.26,0.19,0.26,52683.0,14418.0,21204.0,11852.0,69030.0,416.0,87252.0,34569.0,102086.0,102086.0,1818.6919999999998,0
2003-09-01,20.28,25.05,28.94,26.99,-0.45,0.15,0.18,0.27,52683.0,14418.0,21204.0,11852.0,69030.0,416.0,87252.0,34569.0,102086.0,102086.0,1818.6919999999998,0
2003-10-01,21.25,25.38,29.12,27.14,0.23,0.4,0.36,0.42,52683.0,14418.0,21204.0,11852.0,69030.0,416.0,87252.0,34569.0,102086.0,102086.0,1818.6919999999998,0
2003-11-01,21.94,25.75,29.07,27.04,0.28,0.64,0.37,0.33,52683.0,14418.0,21204.0,11852.0,69030.0,416.0,87252.0,34569.0,102086.0,102086.0,1818.6919999999998,0
2003-12-01,23.03,26.0,28.97,27.03,0.22,0.77,0.43,0.43,52683.0,14418.0,21204.0,11852.0,69030.0,416.0,87252.0,34569.0,102086.0,102086.0,1818.6919999999998,0
2004-01-01,24.36,26.08,28.75,26.81,-0.21,0.42,0.43,0.27,69334.0,11852.0,20484.0,21576.0,73731.0,565.0,103374.0,34040.0,115791.0,115791.0,1899.2009999999998,0
2004-02-01,26.03,26.7,28.57,26.98,-0.07,0.3,0.38,0.23,69334.0,11852.0,20484.0,21576.0,73731.0,565.0,103374.0,34040.0,115791.0,115791.0,1899.2009999999998,0
2004-03-01,25.75,27.34,28.42,27.4,-0.74,0.13,0.1,0.12,69334.0,11852.0,20484.0,21576.0,73731.0,565.0,103374.0,34040.0,115791.0,115791.0,1899.2009999999998,0
2004-04-01,24.96,27.52,28.71,27.89,-0.57,-0.07,0.09,0.07,69334.0,11852.0,20484.0,21576.0,73731.0,565.0,103374.0,34040.0,115791.0,115791.0,1899.2009999999998,0
2004-05-01,22.82,26.8,29.02,28.0,-1.59,-0.45,0.11,0.06,69334.0,11852.0,20484.0,21576.0,73731.0,565.0,103374.0,34040.0,115791.0,115791.0,1899.2009999999998,0
2004-06-01,22.05,26.35,29.19,27.86,-1.07,-0.26,0.22,0.13,69334.0,11852.0,20484.0,21576.0,73731.0,565.0,103374.0,34040.0,115791.0,115791.0,1899.2009999999998,0
2004-07-01,21.18,25.78,29.32,27.78,-0.78,-0.02,0.42,0.49,69334.0,11852.0,20484.0,21576.0,73731.0,565.0,103374.0,34040.0,115791.0,115791.0,1899.2009999999998,0
2004-08-01,20.26,25.36,29.34,27.62,-0.75,0.24,0.55,0.76,69334.0,11852.0,20484.0,21576.0,73731.0,565.0,103374.0,34040.0,115791.0,115791.0,1899.2009999999998,0
2004-09-01,20.46,25.35,29.45,27.53,-0.27,0.45,0.69,0.81,69334.0,11852.0,20484.0,21576.0,73731.0,565.0,103374.0,34040.0,115791.0,115791.0,1899.2009999999998,0
2004-10-01,21.16,25.52,29.46,27.44,0.15,0.54,0.7,0.73,69334.0,11852.0,20484.0,21576.0,73731.0,565.0,103374.0,34040.0,115791.0,115791.0,1899.2009999999998,0
2004-11-01,22.37,25.73,29.45,27.36,0.72,0.63,0.76,0.66,69334.0,11852.0,20484.0,21576.0,73731.0,565.0,103374.0,34040.0,115791.0,115791.0,1899.2009999999998,0
2004-12-01,23.18,25.91,29.41,27.34,0.36,0.69,0.87,0.74,69334.0,11852.0,20484.0,21576.0,73731.0,565.0,103374.0,34040.0,115791.0,115791.0,1899.2009999999998,0
2005-01-01,24.54,25.98,29.2,27.21,-0.02,0.32,0.88,0.66,51523.0,21576.0,21809.0,15215.0,72190.0,498.0,87140.0,35617.0,109214.0,109214.0,1819.1509999999998,0
2005-02-01,25.16,26.31,28.87,27.11,-0.94,-0.09,0.67,0.36,51523.0,21576.0,21809.0,15215.0,72190.0,498.0,87140.0,35617.0,109214.0,109214.0,1819.1509999999998,0
2005-03-01,25.03,27.14,28.93,27.73,-1.46,-0.07,0.61,0.45,51523.0,21576.0,21809.0,15215.0,72190.0,498.0,87140.0,35617.0,109214.0,109214.0,1819.1509999999998,0
2005-04-01,25.12,27.53,29.05,28.08,-0.42,-0.05,0.42,0.26,51523.0,21576.0,21809.0,15215.0,72190.0,498.0,87140.0,35617.0,109214.0,109214.0,1819.1509999999998,0
2005-05-01,24.04,27.41,29.21,28.24,-0.38,0.16,0.29,0.3,51523.0,21576.0,21809.0,15215.0,72190.0,498.0,87140.0,35617.0,109214.0,109214.0,1819.1509999999998,0
2005-06-01,22.35,26.68,29.14,27.77,-0.77,0.06,0.17,0.04,51523.0,21576.0,21809.0,15215.0,72190.0,498.0,87140.0,35617.0,109214.0,109214.0,1819.1509999999998,0
2005-07-01,21.61,25.91,28.79,27.06,-0.35,0.1,-0.11,-0.23,51523.0,21576.0,21809.0,15215.0,72190.0,498.0,87140.0,35617.0,109214.0,109214.0,1819.1509999999998,0
2005-08-01,20.61,25.3,28.73,26.8,-0.4,0.18,-0.06,-0.05,51523.0,21576.0,21809.0,15215.0,72190.0,498.0,87140.0,35617.0,109214.0,109214.0,1819.1509999999998,0
2005-09-01,19.99,24.82,28.79,26.68,-0.74,-0.08,0.03,-0.04,51523.0,21576.0,21809.0,15215.0,72190.0,498.0,87140.0,35617.0,109214.0,109214.0,1819.1509999999998,0
2005-10-01,19.75,24.64,28.85,26.65,-1.27,-0.34,0.09,-0.06,51523.0,21576.0,21809.0,15215.0,72190.0,498.0,87140.0,35617.0,109214.0,109214.0,1819.1509999999998,0
2005-11-01,20.23,23.97,28.55,26.11,-1.43,-1.13,-0.14,-0.59,51523.0,21576.0,21809.0,15215.0,72190.0,498.0,87140.0,35617.0,109214.0,109214.0,1819.1509999999998,0
2005-12-01,21.89,24.0,28.28,25.68,-0.92,-1.22,-0.26,-0.92,51523.0,21576.0,21809.0,15215.0,72190.0,498.0,87140.0,35617.0,109214.0,109214.0,1819.1509999999998,0
2006-01-01,24.19,24.85,27.82,25.63,-0.37,-0.81,-0.5,-0.91,63430.0,15215.0,23030.0,15227.0,77749.0,1410.0,99381.0,35951.0,116006.0,116006.0,1965.011,0
2006-02-01,26.32,26.06,27.52,26.08,0.22,-0.35,-0.67,-0.67,63430.0,15215.0,23030.0,15227.0,77749.0,1410.0,99381.0,35951.0,116006.0,116006.0,1965.011,0
2006-03-01,26.2,26.65,27.73,26.57,-0.29,-0.55,-0.59,-0.71,63430.0,15215.0,23030.0,15227.0,77749.0,1410.0,99381.0,35951.0,116006.0,116006.0,1965.011,0
2006-04-01,24.04,27.16,28.29,27.5,-1.5,-0.42,-0.34,-0.32,63430.0,15215.0,23030.0,15227.0,77749.0,1410.0,99381.0,35951.0,116006.0,116006.0,1965.011,0
2006-05-01,23.86,27.17,28.86,27.85,-0.56,-0.08,-0.06,-0.09,63430.0,15215.0,23030.0,15227.0,77749.0,1410.0,99381.0,35951.0,116006.0,116006.0,1965.011,0
2006-06-01,22.91,26.61,29.03,27.73,-0.21,-0.01,0.06,0.0,63430.0,15215.0,23030.0,15227.0,77749.0,1410.0,99381.0,35951.0,116006.0,116006.0,1965.011,0
2006-07-01,22.16,25.82,29.1,27.3,0.2,0.01,0.2,0.01,63430.0,15215.0,23030.0,15227.0,77749.0,1410.0,99381.0,35951.0,116006.0,116006.0,1965.011,0
2006-08-01,21.71,25.51,29.21,27.16,0.7,0.39,0.42,0.31,63430.0,15215.0,23030.0,15227.0,77749.0,1410.0,99381.0,35951.0,116006.0,116006.0,1965.011,0
2006-09-01,21.7,25.73,29.4,27.32,0.97,0.83,0.63,0.6,63430.0,15215.0,23030.0,15227.0,77749.0,1410.0,99381.0,35951.0,116006.0,116006.0,1965.011,0
2006-10-01,22.07,25.86,29.45,27.41,1.05,0.88,0.69,0.7,63430.0,15215.0,23030.0,15227.0,77749.0,1410.0,99381.0,35951.0,116006.0,116006.0,1965.011,0
2006-11-01,22.45,26.1,29.62,27.69,0.79,0.99,0.92,0.99,63430.0,15215.0,23030.0,15227.0,77749.0,1410.0,99381.0,35951.0,116006.0,116006.0,1965.011,0
2006-12-01,23.52,26.37,29.46,27.74,0.71,1.14,0.92,1.14,63430.0,15215.0,23030.0,15227.0,77749.0,1410.0,99381.0,35951.0,116006.0,116006.0,1965.011,0
2007-01-01,25.23,26.53,28.97,27.24,0.66,0.87,0.65,0.7,55357.0,15227.0,23682.0,10972.0,76024.0,1029.0,94422.0,39065.0,110678.0,110678.0,1985.986,0
2007-02-01,26.21,26.49,28.66,26.88,0.11,0.08,0.46,0.13,55357.0,15227.0,23682.0,10972.0,76024.0,1029.0,94422.0,39065.0,110678.0,110678.0,1985.986,0
2007-03-01,25.84,26.8,28.66,27.1,-0.64,-0.4,0.34,-0.18,55357.0,15227.0,23682.0,10972.0,76024.0,1029.0,94422.0,39065.0,110678.0,110678.0,1985.986,0
2007-04-01,24.31,26.95,28.73,27.5,-1.22,-0.63,0.1,-0.32,55357.0,15227.0,23682.0,10972.0,76024.0,1029.0,94422.0,39065.0,110678.0,110678.0,1985.986,0
2007-05-01,22.63,26.37,28.84,27.46,-1.79,-0.88,-0.08,-0.47,55357.0,15227.0,23682.0,10972.0,76024.0,1029.0,94422.0,39065.0,110678.0,110678.0,1985.986,0
2007-06-01,21.52,25.9,28.9,27.37,-1.61,-0.72,-0.07,-0.35,55357.0,15227.0,23682.0,10972.0,76024.0,1029.0,94422.0,39065.0,110678.0,110678.0,1985.986,0
2007-07-01,20.98,24.85,28.68,26.71,-0.98,-0.95,-0.22,-0.59,55357.0,15227.0,23682.0,10972.0,76024.0,1029.0,94422.0,39065.0,110678.0,110678.0,1985.986,0
2007-08-01,19.81,23.94,28.48,26.14,-1.2,-1.18,-0.31,-0.72,55357.0,15227.0,23682.0,10972.0,76024.0,1029.0,94422.0,39065.0,110678.0,110678.0,1985.986,0
2007-09-01,19.75,23.63,28.11,25.61,-0.97,-1.27,-0.65,-1.11,55357.0,15227.0,23682.0,10972.0,76024.0,1029.0,94422.0,39065.0,110678.0,110678.0,1985.986,0
2007-10-01,19.5,23.55,27.91,25.32,-1.52,-1.43,-0.85,-1.39,55357.0,15227.0,23682.0,10972.0,76024.0,1029.0,94422.0,39065.0,110678.0,110678.0,1985.986,0
2007-11-01,19.92,23.48,27.61,25.17,-1.73,-1.62,-1.09,-1.54,55357.0,15227.0,23682.0,10972.0,76024.0,1029.0,94422.0,39065.0,110678.0,110678.0,1985.986,0
2007-12-01,21.15,23.57,27.42,25.01,-1.66,-1.66,-1.12,-1.58,55357.0,15227.0,23682.0,10972.0,76024.0,1029.0,94422.0,39065.0,110678.0,110678.0,1985.986,0
2008-01-01,24.08,24.19,26.87,24.86,-0.48,-1.46,-1.45,-1.68,68703.0,10972.0,24129.0,12443.0,86655.0,1776.0,110479.0,41776.0,123227.0,123227.0,1994.598,0
2008-02-01,26.32,25.16,26.62,25.08,0.22,-1.24,-1.58,-1.67,68703.0,10972.0,24129.0,12443.0,86655.0,1776.0,110479.0,41776.0,123227.0,123227.0,1994.598,0
2008-03-01,26.88,26.45,26.97,26.07,0.39,-0.75,-1.35,-1.21,68703.0,10972.0,24129.0,12443.0,86655.0,1776.0,110479.0,41776.0,123227.0,123227.0,1994.598,0
2008-04-01,25.94,27.12,27.46,26.83,0.41,-0.46,-1.16,-0.99,68703.0,10972.0,24129.0,12443.0,86655.0,1776.0,110479.0,41776.0,123227.0,123227.0,1994.598,0
2008-05-01,24.95,27.0,27.81,27.09,0.54,-0.25,-1.11,-0.84,68703.0,10972.0,24129.0,12443.0,86655.0,1776.0,110479.0,41776.0,123227.0,123227.0,1994.598,0
2008-06-01,23.68,26.46,27.96,27.04,0.55,-0.16,-1.01,-0.68,68703.0,10972.0,24129.0,12443.0,86655.0,1776.0,110479.0,41776.0,123227.0,123227.0,1994.598,0
2008-07-01,22.95,26.08,28.07,26.99,0.99,0.28,-0.83,-0.3,68703.0,10972.0,24129.0,12443.0,86655.0,1776.0,110479.0,41776.0,123227.0,123227.0,1994.598,0
2008-08-01,22.4,25.62,28.04,26.72,1.4,0.5,-0.75,-0.13,68703.0,10972.0,24129.0,12443.0,86655.0,1776.0,110479.0,41776.0,123227.0,123227.0,1994.598,0
2008-09-01,21.75,25.2,28.08,26.47,1.02,0.3,-0.68,-0.25,68703.0,10972.0,24129.0,12443.0,86655.0,1776.0,110479.0,41776.0,123227.0,123227.0,1994.598,0
2008-10-01,21.37,25.07,28.17,26.37,0.35,0.09,-0.59,-0.35,68703.0,10972.0,24129.0,12443.0,86655.0,1776.0,110479.0,41776.0,123227.0,123227.0,1994.598,0
2008-11-01,21.38,24.98,27.98,26.25,-0.28,-0.12,-0.72,-0.46,68703.0,10972.0,24129.0,12443.0,86655.0,1776.0,110479.0,41776.0,123227.0,123227.0,1994.598,0
2008-12-01,22.36,24.66,27.73,25.74,-0.45,-0.56,-0.81,-0.86,68703.0,10972.0,24129.0,12443.0,86655.0,1776.0,110479.0,41776.0,123227.0,123227.0,1994.598,0
2009-01-01,24.4,25.15,27.37,25.66,-0.17,-0.51,-0.95,-0.89,58955.0,12443.0,25433.0,8690.0,80595.0,1253.0,101022.0,42067.0,114718.0,114718.0,2080.324,0
2009-02-01,25.42,25.84,27.35,25.96,-0.68,-0.57,-0.85,-0.79,58955.0,12443.0,25433.0,8690.0,80595.0,1253.0,101022.0,42067.0,114718.0,114718.0,2080.324,0
2009-03-01,25.67,26.49,27.74,26.59,-0.81,-0.71,-0.58,-0.69,58955.0,12443.0,25433.0,8690.0,80595.0,1253.0,101022.0,42067.0,114718.0,114718.0,2080.324,0
2009-04-01,25.94,27.41,28.37,27.47,0.41,-0.17,-0.26,-0.35,58955.0,12443.0,25433.0,8690.0,80595.0,1253.0,101022.0,42067.0,114718.0,114718.0,2080.324,0
2009-05-01,24.76,27.54,28.9,27.99,0.34,0.29,-0.01,0.06,58955.0,12443.0,25433.0,8690.0,80595.0,1253.0,101022.0,42067.0,114718.0,114718.0,2080.324,0
2009-06-01,23.78,27.18,29.14,28.04,0.65,0.56,0.18,0.31,58955.0,12443.0,25433.0,8690.0,80595.0,1253.0,101022.0,42067.0,114718.0,114718.0,2080.324,0
2009-07-01,22.71,26.49,29.19,27.78,0.75,0.69,0.29,0.48,58955.0,12443.0,25433.0,8690.0,80595.0,1253.0,101022.0,42067.0,114718.0,114718.0,2080.324,0
2009-08-01,21.85,25.92,29.23,27.42,0.84,0.8,0.44,0.56,58955.0,12443.0,25433.0,8690.0,80595.0,1253.0,101022.0,42067.0,114718.0,114718.0,2080.324,0
2009-09-01,21.23,25.69,29.33,27.4,0.51,0.78,0.57,0.68,58955.0,12443.0,25433.0,8690.0,80595.0,1253.0,101022.0,42067.0,114718.0,114718.0,2080.324,0
2009-10-01,21.34,25.76,29.68,27.6,0.32,0.78,0.92,0.89,58955.0,12443.0,25433.0,8690.0,80595.0,1253.0,101022.0,42067.0,114718.0,114718.0,2080.324,0
2009-11-01,21.99,26.18,29.82,28.16,0.33,1.08,1.12,1.46,58955.0,12443.0,25433.0,8690.0,80595.0,1253.0,101022.0,42067.0,114718.0,114718.0,2080.324,0
2009-12-01,23.41,26.55,29.72,28.34,0.6,1.33,1.18,1.74,58955.0,12443.0,25433.0,8690.0,80595.0,1253.0,101022.0,42067.0,114718.0,114718.0,2080.324,0
2010-01-01,24.85,26.73,29.44,28.07,0.28,1.07,1.12,1.52,69614.0,8690.0,26465.0,13985.0,83370.0,1846.0,113284.0,43670.0,123820.0,123820.0,1890.64,0
2010-02-01,26.22,27.28,29.08,28.01,0.12,0.88,0.88,1.25,69614.0,8690.0,26465.0,13985.0,83370.0,1846.0,113284.0,43670.0,123820.0,123820.0,1890.64,0
2010-03-01,26.56,27.76,29.07,28.18,0.07,0.55,0.75,0.9,69614.0,8690.0,26465.0,13985.0,83370.0,1846.0,113284.0,43670.0,123820.0,123820.0,1890.64,0
2010-04-01,25.43,27.85,29.13,28.2,-0.11,0.27,0.5,0.38,69614.0,8690.0,26465.0,13985.0,83370.0,1846.0,113284.0,43670.0,123820.0,123820.0,1890.64,0
2010-05-01,24.65,27.08,29.01,27.71,0.24,-0.17,0.1,-0.22,69614.0,8690.0,26465.0,13985.0,83370.0,1846.0,113284.0,43670.0,123820.0,123820.0,1890.64,0
2010-06-01,23.14,25.91,28.66,27.04,0.01,-0.71,-0.31,-0.69,69614.0,8690.0,26465.0,13985.0,83370.0,1846.0,113284.0,43670.0,123820.0,123820.0,1890.64,0
2010-07-01,20.93,24.79,28.1,26.22,-1.03,-1.01,-0.79,-1.07,69614.0,8690.0,26465.0,13985.0,83370.0,1846.0,113284.0,43670.0,123820.0,123820.0,1890.64,0
2010-08-01,19.7,23.97,27.54,25.47,-1.31,-1.14,-1.25,-1.39,69614.0,8690.0,26465.0,13985.0,83370.0,1846.0,113284.0,43670.0,123820.0,123820.0,1890.64,0
2010-09-01,19.5,23.61,27.32,25.12,-1.22,-1.29,-1.44,-1.6,69614.0,8690.0,26465.0,13985.0,83370.0,1846.0,113284.0,43670.0,123820.0,123820.0,1890.64,0
2010-10-01,19.73,23.5,27.15,25.03,-1.28,-1.48,-1.61,-1.69,69614.0,8690.0,26465.0,13985.0,83370.0,1846.0,113284.0,43670.0,123820.0,123820.0,1890.64,0
2010-11-01,20.34,23.59,27.11,25.06,-1.31,-1.52,-1.59,-1.64,69614.0,8690.0,26465.0,13985.0,83370.0,1846.0,113284.0,43670.0,123820.0,123820.0,1890.64,0
2010-12-01,21.91,23.73,27.09,25.0,-0.9,-1.5,-1.45,-1.6,69614.0,8690.0,26465.0,13985.0,83370.0,1846.0,113284.0,43670.0,123820.0,123820.0,1890.64,0
2011-01-01,24.08,24.4,26.92,25.0,-0.48,-1.26,-1.4,-1.54,62293.0,13985.0,27925.0,9658.0,85060.0,2203.0,106455.0,44162.0,122643.0,122643.0,2142.893,0
2011-02-01,25.94,25.63,27.15,25.64,-0.16,-0.77,-1.05,-1.11,62293.0,13985.0,27925.0,9658.0,85060.0,2203.0,106455.0,44162.0,122643.0,122643.0,2142.893,0
2011-03-01,25.61,26.47,27.51,26.36,-0.88,-0.73,-0.81,-0.93,62293.0,13985.0,27925.0,9658.0,85060.0,2203.0,106455.0,44162.0,122643.0,122643.0,2142.893,0
2011-04-01,25.34,27.25,27.89,27.05,-0.19,-0.33,-0.74,-0.77,62293.0,13985.0,27925.0,9658.0,85060.0,2203.0,106455.0,44162.0,122643.0,122643.0,2142.893,0
2011-05-01,24.53,26.96,28.35,27.41,0.11,-0.29,-0.57,-0.52,62293.0,13985.0,27925.0,9658.0,85060.0,2203.0,106455.0,44162.0,122643.0,122643.0,2142.893,0
2011-06-01,23.42,26.5,28.46,27.35,0.3,-0.12,-0.51,-0.38,62293.0,13985.0,27925.0,9658.0,85060.0,2203.0,106455.0,44162.0,122643.0,122643.0,2142.893,0
2011-07-01,22.06,25.61,28.42,26.87,0.1,-0.2,-0.48,-0.43,62293.0,13985.0,27925.0,9658.0,85060.0,2203.0,106455.0,44162.0,122643.0,122643.0,2142.893,0
2011-08-01,20.79,24.73,28.16,26.21,-0.21,-0.39,-0.63,-0.65,62293.0,13985.0,27925.0,9658.0,85060.0,2203.0,106455.0,44162.0,122643.0,122643.0,2142.893,0
2011-09-01,19.99,24.29,28.0,25.92,-0.74,-0.61,-0.76,-0.8,62293.0,13985.0,27925.0,9658.0,85060.0,2203.0,106455.0,44162.0,122643.0,122643.0,2142.893,0
2011-10-01,20.24,23.92,27.86,25.67,-0.78,-1.06,-0.9,-1.05,62293.0,13985.0,27925.0,9658.0,85060.0,2203.0,106455.0,44162.0,122643.0,122643.0,2142.893,0
2011-11-01,21.09,23.98,27.8,25.52,-0.57,-1.12,-0.9,-1.19,62293.0,13985.0,27925.0,9658.0,85060.0,2203.0,106455.0,44162.0,122643.0,122643.0,2142.893,0
2011-12-01,22.13,24.31,27.53,25.54,-0.68,-0.92,-1.01,-1.06,62293.0,13985.0,27925.0,9658.0,85060.0,2203.0,106455.0,44162.0,122643.0,122643.0,2142.893,0
2012-01-01,24.38,25.09,27.3,25.67,-0.18,-0.57,-1.02,-0.87,72714.0,9658.0,28649.0,6734.0,95170.0,2723.0,118172.0,45458.0,130553.0,130553.0,2074.913,0
2012-02-01,26.46,26.22,27.29,26.08,0.36,-0.19,-0.91,-0.67,72714.0,9658.0,28649.0,6734.0,95170.0,2723.0,118172.0,45458.0,130553.0,130553.0,2074.913,0
2012-03-01,26.65,27.02,27.56,26.67,0.16,-0.18,-0.77,-0.61,72714.0,9658.0,28649.0,6734.0,95170.0,2723.0,118172.0,45458.0,130553.0,130553.0,2074.913,0
2012-04-01,26.44,27.56,28.03,27.32,0.9,-0.02,-0.59,-0.5,72714.0,9658.0,28649.0,6734.0,95170.0,2723.0,118172.0,45458.0,130553.0,130553.0,2074.913,0
2012-05-01,25.29,27.34,28.4,27.61,0.87,0.09,-0.52,-0.32,72714.0,9658.0,28649.0,6734.0,95170.0,2723.0,118172.0,45458.0,130553.0,130553.0,2074.913,0
2012-06-01,24.14,27.05,28.58,27.75,1.02,0.44,-0.39,0.02,72714.0,9658.0,28649.0,6734.0,95170.0,2723.0,118172.0,45458.0,130553.0,130553.0,2074.913,0
2012-07-01,22.36,26.37,28.64,27.54,0.4,0.57,-0.26,0.25,72714.0,9658.0,28649.0,6734.0,95170.0,2723.0,118172.0,45458.0,130553.0,130553.0,2074.913,0
2012-08-01,21.07,25.64,28.86,27.32,0.07,0.52,0.08,0.47,72714.0,9658.0,28649.0,6734.0,95170.0,2723.0,118172.0,45458.0,130553.0,130553.0,2074.913,0
2012-09-01,20.79,25.24,28.97,27.1,0.06,0.34,0.21,0.38,72714.0,9658.0,28649.0,6734.0,95170.0,2723.0,118172.0,45458.0,130553.0,130553.0,2074.913,0
2012-10-01,20.65,25.0,29.07,26.98,-0.37,0.02,0.31,0.26,72714.0,9658.0,28649.0,6734.0,95170.0,2723.0,118172.0,45458.0,130553.0,130553.0,2074.913,0
2012-11-01,21.24,25.08,29.0,26.86,-0.41,-0.02,0.3,0.16,72714.0,9658.0,28649.0,6734.0,95170.0,2723.0,118172.0,45458.0,130553.0,130553.0,2074.913,0
2012-12-01,21.96,24.8,28.6,26.34,-0.85,-0.42,0.06,-0.25,72714.0,9658.0,28649.0,6734.0,95170.0,2723.0,118172.0,45458.0,130553.0,130553.0,2074.913,0
2013-01-01,23.89,25.0,28.24,26.01,-0.68,-0.66,-0.08,-0.53,68540.0,6734.0,30478.0,6397.0,94476.0,3957.0,120660.0,52120.0,131351.0,131351.0,1958.8200000000002,0
2013-02-01,25.37,25.84,28.01,26.24,-0.73,-0.56,-0.19,-0.52,68540.0,6734.0,30478.0,6397.0,94476.0,3957.0,120660.0,52120.0,131351.0,131351.0,1958.8200000000002,0
2013-03-01,25.81,27.08,27.95,27.03,-0.67,-0.12,-0.37,-0.25,68540.0,6734.0,30478.0,6397.0,94476.0,3957.0,120660.0,52120.0,131351.0,131351.0,1958.8200000000002,0
2013-04-01,24.31,27.22,28.36,27.57,-1.23,-0.36,-0.27,-0.25,68540.0,6734.0,30478.0,6397.0,94476.0,3957.0,120660.0,52120.0,131351.0,131351.0,1958.8200000000002,0
2013-05-01,22.83,26.43,28.69,27.53,-1.58,-0.82,-0.23,-0.4,68540.0,6734.0,30478.0,6397.0,94476.0,3957.0,120660.0,52120.0,131351.0,131351.0,1958.8200000000002,0
2013-06-01,21.22,25.73,28.77,27.3,-1.91,-0.89,-0.2,-0.42,68540.0,6734.0,30478.0,6397.0,94476.0,3957.0,120660.0,52120.0,131351.0,131351.0,1958.8200000000002,0
2013-07-01,20.36,25.1,28.66,26.91,-1.6,-0.7,-0.24,-0.39,68540.0,6734.0,30478.0,6397.0,94476.0,3957.0,120660.0,52120.0,131351.0,131351.0,1958.8200000000002,0
2013-08-01,19.85,24.47,28.61,26.47,-1.16,-0.65,-0.18,-0.38,68540.0,6734.0,30478.0,6397.0,94476.0,3957.0,120660.0,52120.0,131351.0,131351.0,1958.8200000000002,0
2013-09-01,19.95,24.58,28.65,26.54,-0.77,-0.33,-0.11,-0.18,68540.0,6734.0,30478.0,6397.0,94476.0,3957.0,120660.0,52120.0,131351.0,131351.0,1958.8200000000002,0
2013-10-01,20.27,24.79,28.72,26.52,-0.75,-0.19,-0.04,-0.2,68540.0,6734.0,30478.0,6397.0,94476.0,3957.0,120660.0,52120.0,131351.0,131351.0,1958.8200000000002,0
2013-11-01,21.09,24.9,28.74,26.56,-0.56,-0.2,0.04,-0.14,68540.0,6734.0,30478.0,6397.0,94476.0,3957.0,120660.0,52120.0,131351.0,131351.0,1958.8200000000002,0
2013-12-01,22.37,25.09,28.48,26.43,-0.44,-0.13,-0.06,-0.17,68540.0,6734.0,30478.0,6397.0,94476.0,3957.0,120660.0,52120.0,131351.0,131351.0,1958.8200000000002,0
2014-01-01,24.56,25.23,28.14,26.05,-0.01,-0.43,-0.18,-0.49,76895.0,6397.0,31360.0,14724.0,98766.0,4088.0,134365.0,57470.0,144850.0,144850.0,2105.781,0
2014-02-01,25.49,25.62,28.27,26.14,-0.61,-0.79,0.07,-0.62,76895.0,6397.0,31360.0,14724.0,98766.0,4088.0,134365.0,57470.0,144850.0,144850.0,2105.781,0
2014-03-01,26.17,26.89,28.6,27.0,-0.31,-0.32,0.28,-0.28,76895.0,6397.0,31360.0,14724.0,98766.0,4088.0,134365.0,57470.0,144850.0,144850.0,2105.781,0
2014-04-01,25.51,27.64,28.98,27.9,-0.03,0.06,0.35,0.08,76895.0,6397.0,31360.0,14724.0,98766.0,4088.0,134365.0,57470.0,144850.0,144850.0,2105.781,0
2014-05-01,25.48,27.64,29.45,28.25,1.06,0.38,0.53,0.32,76895.0,6397.0,31360.0,14724.0,98766.0,4088.0,134365.0,57470.0,144850.0,144850.0,2105.781,0
2014-06-01,24.67,27.15,29.36,27.96,1.54,0.53,0.39,0.23,76895.0,6397.0,31360.0,14724.0,98766.0,4088.0,134365.0,57470.0,144850.0,144850.0,2105.781,0
2014-07-01,22.94,26.12,29.04,27.23,0.98,0.31,0.14,-0.06,76895.0,6397.0,31360.0,14724.0,98766.0,4088.0,134365.0,57470.0,144850.0,144850.0,2105.781,0
2014-08-01,21.9,25.3,29.04,26.82,0.89,0.18,0.25,-0.03,76895.0,6397.0,31360.0,14724.0,98766.0,4088.0,134365.0,57470.0,144850.0,144850.0,2105.781,0
2014-09-01,21.52,25.27,29.16,27.01,0.8,0.37,0.39,0.29,76895.0,6397.0,31360.0,14724.0,98766.0,4088.0,134365.0,57470.0,144850.0,144850.0,2105.781,0
2014-10-01,21.71,25.56,29.24,27.16,0.69,0.58,0.48,0.44,76895.0,6397.0,31360.0,14724.0,98766.0,4088.0,134365.0,57470.0,144850.0,144850.0,2105.781,0
2014-11-01,22.45,25.88,29.43,27.46,0.8,0.77,0.73,0.75,76895.0,6397.0,31360.0,14724.0,98766.0,4088.0,134365.0,57470.0,144850.0,144850.0,2105.781,0
2014-12-01,23.22,25.91,29.3,27.31,0.41,0.68,0.76,0.71,76895.0,6397.0,31360.0,14724.0,98766.0,4088.0,134365.0,57470.0,144850.0,144850.0,2105.781,0
2015-01-01,24.41,26.01,29.07,27.05,-0.16,0.35,0.75,0.51,77998.0,14724.0,31605.0,18083.0,106968.0,3489.0,138443.0,60445.0,156656.0,156656.0,1955.3190000000002,0
2015-02-01,25.57,26.46,29.07,27.17,-0.53,0.05,0.87,0.42,77998.0,14724.0,31605.0,18083.0,106968.0,3489.0,138443.0,60445.0,156656.0,156656.0,1955.3190000000002,0
2015-03-01,26.57,27.3,29.22,27.75,0.09,0.1,0.9,0.47,77998.0,14724.0,31605.0,18083.0,106968.0,3489.0,138443.0,60445.0,156656.0,156656.0,1955.3190000000002,0
2015-04-01,26.54,28.21,29.61,28.52,1.0,0.63,0.98,0.7,77998.0,14724.0,31605.0,18083.0,106968.0,3489.0,138443.0,60445.0,156656.0,156656.0,1955.3190000000002,0
2015-05-01,25.96,28.2,29.85,28.85,1.55,0.94,0.94,0.92,77998.0,14724.0,31605.0,18083.0,106968.0,3489.0,138443.0,60445.0,156656.0,156656.0,1955.3190000000002,0
2015-06-01,25.32,28.07,29.88,28.9,2.19,1.45,0.92,1.18,77998.0,14724.0,31605.0,18083.0,106968.0,3489.0,138443.0,60445.0,156656.0,156656.0,1955.3190000000002,0
2015-07-01,24.5,27.66,29.78,28.75,2.54,1.85,0.88,1.46,77998.0,14724.0,31605.0,18083.0,106968.0,3489.0,138443.0,60445.0,156656.0,156656.0,1955.3190000000002,0
2015-08-01,22.66,27.21,29.77,28.79,1.65,2.09,0.99,1.93,77998.0,14724.0,31605.0,18083.0,106968.0,3489.0,138443.0,60445.0,156656.0,156656.0,1955.3190000000002,0
2015-09-01,23.01,27.4,29.82,28.93,2.28,2.5,1.06,2.21,77998.0,14724.0,31605.0,18083.0,106968.0,3489.0,138443.0,60445.0,156656.0,156656.0,1955.3190000000002,0
2015-10-01,23.14,27.6,29.84,29.08,2.12,2.62,1.08,2.36,77998.0,14724.0,31605.0,18083.0,106968.0,3489.0,138443.0,60445.0,156656.0,156656.0,1955.3190000000002,0
2015-11-01,23.93,27.95,30.13,29.42,2.28,2.84,1.44,2.72,77998.0,14724.0,31605.0,18083.0,106968.0,3489.0,138443.0,60445.0,156656.0,156656.0,1955.3190000000002,0
2015-12-01,25.02,28.07,29.91,29.26,2.21,2.84,1.37,2.66,77998.0,14724.0,31605.0,18083.0,106968.0,3489.0,138443.0,60445.0,156656.0,156656.0,1955.3190000000002,0
2016-01-01,26.36,28.25,29.54,29.11,1.79,2.59,1.22,2.57,72950.0,18083.0,32333.0,19653.0,101604.0,3437.0,132070.0,59120.0,153590.0,153590.0,1860.857,0
2016-02-01,27.4,28.38,29.41,29.01,1.3,1.97,1.22,2.26,72950.0,18083.0,32333.0,19653.0,101604.0,3437.0,132070.0,59120.0,153590.0,153590.0,1860.857,0
2016-03-01,27.83,28.74,29.39,28.9,1.35,1.53,1.07,1.62,72950.0,18083.0,32333.0,19653.0,101604.0,3437.0,132070.0,59120.0,153590.0,153590.0,1860.857,0
2016-04-01,25.98,28.2,29.37,28.72,0.45,0.62,0.74,0.91,72950.0,18083.0,32333.0,19653.0,101604.0,3437.0,132070.0,59120.0,153590.0,153590.0,1860.857,0
2016-05-01,24.9,27.23,29.45,28.23,0.49,-0.03,0.53,0.3,72950.0,18083.0,32333.0,19653.0,101604.0,3437.0,132070.0,59120.0,153590.0,153590.0,1860.857,0
2016-06-01,23.77,26.48,29.35,27.69,0.64,-0.14,0.39,-0.03,72950.0,18083.0,32333.0,19653.0,101604.0,3437.0,132070.0,59120.0,153590.0,153590.0,1860.857,0
2016-07-01,22.21,25.19,29.05,26.82,0.25,-0.61,0.15,-0.48,72950.0,18083.0,32333.0,19653.0,101604.0,3437.0,132070.0,59120.0,153590.0,153590.0,1860.857,0
2016-08-01,21.25,24.59,28.73,26.28,0.24,-0.53,-0.06,-0.58,72950.0,18083.0,32333.0,19653.0,101604.0,3437.0,132070.0,59120.0,153590.0,153590.0,1860.857,0
2016-09-01,21.29,24.64,28.51,26.14,0.57,-0.26,-0.25,-0.58,72950.0,18083.0,32333.0,19653.0,101604.0,3437.0,132070.0,59120.0,153590.0,153590.0,1860.857,0
2016-10-01,21.36,24.42,28.32,25.98,0.34,-0.56,-0.44,-0.74,72950.0,18083.0,32333.0,19653.0,101604.0,3437.0,132070.0,59120.0,153590.0,153590.0,1860.857,0
2016-11-01,21.78,24.48,28.24,25.94,0.12,-0.62,-0.46,-0.76,72950.0,18083.0,32333.0,19653.0,101604.0,3437.0,132070.0,59120.0,153590.0,153590.0,1860.857,0
2016-12-01,23.24,24.76,28.35,26.1,0.43,-0.47,-0.19,-0.5,72950.0,18083.0,32333.0,19653.0,101604.0,3437.0,132070.0,59120.0,153590.0,153590.0,1860.857,0
2017-01-01,25.5,25.58,28.16,26.12,0.93,-0.08,-0.16,-0.43,73810.0,19653.0,33620.0,11118.0,110636.0,3336.0,132385.0,58575.0,155374.0,155374.0,1968.015,0
2017-02-01,27.46,26.83,28.11,26.67,1.36,0.42,-0.09,-0.08,73810.0,19653.0,33620.0,11118.0,110636.0,3336.0,132385.0,58575.0,155374.0,155374.0,1968.015,0
2017-03-01,28.1,27.55,28.29,27.32,1.61,0.35,-0.03,0.03,73810.0,19653.0,33620.0,11118.0,110636.0,3336.0,132385.0,58575.0,155374.0,155374.0,1968.015,0
2017-04-01,26.59,28.03,28.69,28.03,1.05,0.45,0.06,0.22,73810.0,19653.0,33620.0,11118.0,110636.0,3336.0,132385.0,58575.0,155374.0,155374.0,1968.015,0
2017-05-01,24.63,27.55,29.1,28.3,0.21,0.29,0.19,0.37,73810.0,19653.0,33620.0,11118.0,110636.0,3336.0,132385.0,58575.0,155374.0,155374.0,1968.015,0
2017-06-01,22.89,26.68,29.29,28.06,-0.24,0.06,0.32,0.34,73810.0,19653.0,33620.0,11118.0,110636.0,3336.0,132385.0,58575.0,155374.0,155374.0,1968.015,0
2017-07-01,21.64,25.84,29.16,27.54,-0.32,0.04,0.26,0.25,73810.0,19653.0,33620.0,11118.0,110636.0,3336.0,132385.0,58575.0,155374.0,155374.0,1968.015,0
2017-08-01,20.67,24.87,28.87,26.7,-0.34,-0.25,0.08,-0.16,73810.0,19653.0,33620.0,11118.0,110636.0,3336.0,132385.0,58575.0,155374.0,155374.0,1968.015,0
2017-09-01,19.92,24.18,28.72,26.29,-0.81,-0.72,-0.04,-0.43,73810.0,19653.0,33620.0,11118.0,110636.0,3336.0,132385.0,58575.0,155374.0,155374.0,1968.015,0
2017-10-01,20.21,24.26,28.56,26.15,-0.81,-0.72,-0.2,-0.56,73810.0,19653.0,33620.0,11118.0,110636.0,3336.0,132385.0,58575.0,155374.0,155374.0,1968.015,0
2017-11-01,20.46,24.02,28.3,25.74,-1.2,-1.08,-0.4,-0.97,73810.0,19653.0,33620.0,11118.0,110636.0,3336.0,132385.0,58575.0,155374.0,155374.0,1968.015,0
2017-12-01,21.39,24.0,28.02,25.62,-1.42,-1.22,-0.52,-0.98,73810.0,19653.0,33620.0,11118.0,110636.0,3336.0,132385.0,58575.0,155374.0,155374.0,1968.015,0
2018-01-01,23.44,24.48,27.88,25.57,-1.12,-1.18,-0.44,-0.98,87361.0,11118.0,34597.0,10044.0,110601.0,3801.0,140323.0,52962.0,155242.0,155242.0,2078.676,0
2018-02-01,25.13,25.5,27.85,25.97,-0.97,-0.9,-0.35,-0.78,87361.0,11118.0,34597.0,10044.0,110601.0,3801.0,140323.0,52962.0,155242.0,155242.0,2078.676,0
2018-03-01,25.13,26.27,28.1,26.48,-1.35,-0.93,-0.22,-0.8,87361.0,11118.0,34597.0,10044.0,110601.0,3801.0,140323.0,52962.0,155242.0,155242.0,2078.676,0
2018-04-01,24.51,26.96,28.65,27.31,-1.03,-0.62,0.02,-0.51,87361.0,11118.0,34597.0,10044.0,110601.0,3801.0,140323.0,52962.0,155242.0,155242.0,2078.676,0
2018-05-01,23.67,26.92,29.07,27.73,-0.75,-0.33,0.16,-0.2,87361.0,11118.0,34597.0,10044.0,110601.0,3801.0,140323.0,52962.0,155242.0,155242.0,2078.676,0
2018-06-01,22.4,26.63,29.21,27.77,-0.72,0.01,0.24,0.04,87361.0,11118.0,34597.0,10044.0,110601.0,3801.0,140323.0,52962.0,155242.0,155242.0,2078.676,0
2018-07-01,21.56,25.92,29.13,27.42,-0.4,0.11,0.23,0.12,87361.0,11118.0,34597.0,10044.0,110601.0,3801.0,140323.0,52962.0,155242.0,155242.0,2078.676,0
2018-08-01,20.74,25.06,29.24,26.94,-0.27,-0.06,0.45,0.09,87361.0,11118.0,34597.0,10044.0,110601.0,3801.0,140323.0,52962.0,155242.0,155242.0,2078.676,0
2018-09-01,20.65,25.25,29.34,27.19,-0.08,0.35,0.58,0.47,87361.0,11118.0,34597.0,10044.0,110601.0,3801.0,140323.0,52962.0,155242.0,155242.0,2078.676,0
2018-10-01,21.18,25.73,29.71,27.62,0.16,0.75,0.95,0.9,87361.0,11118.0,34597.0,10044.0,110601.0,3801.0,140323.0,52962.0,155242.0,155242.0,2078.676,0
2018-11-01,22.46,26.0,29.61,27.61,0.81,0.9,0.92,0.9,87361.0,11118.0,34597.0,10044.0,110601.0,3801.0,140323.0,52962.0,155242.0,155242.0,2078.676,0
2018-12-01,23.86,26.14,29.45,27.49,1.05,0.92,0.91,0.89,87361.0,11118.0,34597.0,10044.0,110601.0,3801.0,140323.0,52962.0,155242.0,155242.0,2078.676,0
2019-01-01,25.4,26.26,29.08,27.19,0.83,0.6,0.76,0.65,80764.0,10044.0,36165.0,7252.0,110312.0,5384.0,138301.0,57537.0,153729.0,153729.0,1942.443,0
2019-02-01,26.62,26.99,28.91,27.46,0.52,0.59,0.71,0.71,80764.0,10044.0,36165.0,7252.0,110312.0,5384.0,138301.0,57537.0,153729.0,153729.0,1942.443,0
2019-03-01,26.61,27.84,28.96,28.09,0.12,0.64,0.64,0.81,80764.0,10044.0,36165.0,7252.0,110312.0,5384.0,138301.0,57537.0,153729.0,153729.0,1942.443,0
2019-04-01,25.83,28.13,29.15,28.44,0.3,0.55,0.52,0.62,80764.0,10044.0,36165.0,7252.0,110312.0,5384.0,138301.0,57537.0,153729.0,153729.0,1942.443,0
2019-05-01,24.61,27.75,29.45,28.48,0.2,0.5,0.54,0.55,80764.0,10044.0,36165.0,7252.0,110312.0,5384.0,138301.0,57537.0,153729.0,153729.0,1942.443,0
2019-06-01,22.78,26.82,29.58,28.18,-0.34,0.2,0.61,0.45,80764.0,10044.0,36165.0,7252.0,110312.0,5384.0,138301.0,57537.0,153729.0,153729.0,1942.443,0
2019-07-01,21.27,25.7,29.66,27.64,-0.69,-0.1,0.76,0.35,80764.0,10044.0,36165.0,7252.0,110312.0,5384.0,138301.0,57537.0,153729.0,153729.0,1942.443,0
2019-08-01,20.24,24.79,29.44,26.9,-0.76,-0.32,0.65,0.04,80764.0,10044.0,36165.0,7252.0,110312.0,5384.0,138301.0,57537.0,153729.0,153729.0,1942.443,0
2019-09-01,20.01,24.63,29.34,26.75,-0.71,-0.27,0.58,0.03,80764.0,10044.0,36165.0,7252.0,110312.0,5384.0,138301.0,57537.0,153729.0,153729.0,1942.443,0
2019-10-01,20.27,25.14,29.51,27.2,-0.74,0.16,0.75,0.48,80764.0,10044.0,36165.0,7252.0,110312.0,5384.0,138301.0,57537.0,153729.0,153729.0,1942.443,0
2019-11-01,21.55,25.43,29.46,27.22,-0.11,0.33,0.76,0.52,80764.0,10044.0,36165.0,7252.0,110312.0,5384.0,138301.0,57537.0,153729.0,153729.0,1942.443,0
2019-12-01,22.77,25.47,29.41,27.12,-0.04,0.24,0.87,0.52,80764.0,10044.0,36165.0,7252.0,110312.0,5384.0,138301.0,57537.0,153729.0,153729.0,1942.443,0
2020-01-01,24.2,25.88,29.17,27.15,-0.37,0.22,0.85,0.6,90827.0,7252.0,38088.0,10062.0,118718.0,5661.0,153955.0,63128.0,166868.0,166868.0,1898.1200000000001,0
2020-02-01,26.12,26.51,28.97,27.12,0.02,0.1,0.78,0.37,90827.0,7252.0,38088.0,10062.0,118718.0,5661.0,153955.0,63128.0,166868.0,166868.0,1898.1200000000001,0
2020-03-01,26.43,27.41,29.07,27.76,-0.06,0.2,0.75,0.48,90827.0,7252.0,38088.0,10062.0,118718.0,5661.0,153955.0,63128.0,166868.0,166868.0,1898.1200000000001,0
2020-04-01,25.81,27.86,29.15,28.18,0.28,0.27,0.52,0.36,90827.0,7252.0,38088.0,10062.0,118718.0,5661.0,153955.0,63128.0,166868.0,166868.0,1898.1200000000001,0
2020-05-01,24.28,26.92,29.01,27.66,-0.14,-0.33,0.09,-0.27,90827.0,7252.0,38088.0,10062.0,118718.0,5661.0,153955.0,63128.0,166868.0,166868.0,1898.1200000000001,0
2020-06-01,22.43,25.93,29.09,27.39,-0.7,-0.69,0.12,-0.34,90827.0,7252.0,38088.0,10062.0,118718.0,5661.0,153955.0,63128.0,166868.0,166868.0,1898.1200000000001,0
2020-07-01,20.68,25.22,28.89,26.99,-1.28,-0.59,-0.01,-0.3,90827.0,7252.0,38088.0,10062.0,118718.0,5661.0,153955.0,63128.0,166868.0,166868.0,1898.1200000000001,0
2020-08-01,19.96,24.5,28.47,26.26,-1.05,-0.61,-0.31,-0.59,90827.0,7252.0,38088.0,10062.0,118718.0,5661.0,153955.0,63128.0,166868.0,166868.0,1898.1200000000001,0
2020-09-01,19.5,23.91,28.21,25.89,-1.22,-0.99,-0.55,-0.83,90827.0,7252.0,38088.0,10062.0,118718.0,5661.0,153955.0,63128.0,166868.0,166868.0,1898.1200000000001,0
2020-10-01,20.42,23.88,27.96,25.46,-0.6,-1.1,-0.8,-1.26,90827.0,7252.0,38088.0,10062.0,118718.0,5661.0,153955.0,63128.0,166868.0,166868.0,1898.1200000000001,0
2020-11-01,21.07,23.9,27.8,25.28,-0.58,-1.21,-0.9,-1.42,90827.0,7252.0,38088.0,10062.0,118718.0,5661.0,153955.0,63128.0,166868.0,166868.0,1898.1200000000001,0
2020-12-01,22.21,24.41,27.54,25.44,-0.6,-0.82,-1.0,-1.15,90827.0,7252.0,38088.0,10062.0,118718.0,5661.0,153955.0,63128.0,166868.0,166868.0,1898.1200000000001,0
2021-01-01,23.68,25.04,27.27,25.55,-0.88,-0.62,-1.05,-1.0,81040.0,10062.0,38390.0,9569.0,114249.0,4859.0,147287.0,66247.0,162208.0,162208.0,2085.7580000000003,0
2021-02-01,25.24,25.68,27.24,25.75,-0.86,-0.73,-0.96,-1.0,81040.0,10062.0,38390.0,9569.0,114249.0,4859.0,147287.0,66247.0,162208.0,162208.0,2085.7580000000003,0
2021-03-01,25.74,26.52,27.67,26.48,-0.75,-0.69,-0.65,-0.8,81040.0,10062.0,38390.0,9569.0,114249.0,4859.0,147287.0,66247.0,162208.0,162208.0,2085.7580000000003,0
2021-04-01,24.59,26.79,28.2,27.1,-0.94,-0.79,-0.43,-0.72,81040.0,10062.0,38390.0,9569.0,114249.0,4859.0,147287.0,66247.0,162208.0,162208.0,2085.7580000000003,0
2021-05-01,23.63,26.69,28.71,27.47,-0.79,-0.56,-0.21,-0.46,81040.0,10062.0,38390.0,9569.0,114249.0,4859.0,147287.0,66247.0,162208.0,162208.0,2085.7580000000003,0
2021-06-01,22.75,26.3,28.83,27.45,-0.37,-0.32,-0.14,-0.28,81040.0,10062.0,38390.0,9569.0,114249.0,4859.0,147287.0,66247.0,162208.0,162208.0,2085.7580000000003,0
2021-07-01,21.75,25.49,28.67,26.9,-0.21,-0.32,-0.23,-0.39,81040.0,10062.0,38390.0,9569.0,114249.0,4859.0,147287.0,66247.0,162208.0,162208.0,2085.7580000000003,0
2021-08-01,20.71,24.66,28.5,26.32,-0.29,-0.45,-0.28,-0.53,81040.0,10062.0,38390.0,9569.0,114249.0,4859.0,147287.0,66247.0,162208.0,162208.0,2085.7580000000003,0
2021-09-01,20.02,24.47,28.22,26.17,-0.7,-0.43,-0.54,-0.55,81040.0,10062.0,38390.0,9569.0,114249.0,4859.0,147287.0,66247.0,162208.0,162208.0,2085.7580000000003,0
2021-10-01,20.15,24.2,28.03,25.77,-0.87,-0.78,-0.73,-0.94,81040.0,10062.0,38390.0,9569.0,114249.0,4859.0,147287.0,66247.0,162208.0,162208.0,2085.7580000000003,0
2021-11-01,20.53,24.07,28.02,25.76,-1.12,-1.03,-0.68,-0.94,81040.0,10062.0,38390.0,9569.0,114249.0,4859.0,147287.0,66247.0,162208.0,162208.0,2085.7580000000003,0
2021-12-01,21.12,23.96,27.8,25.54,-1.69,-1.27,-0.74,-1.06,81040.0,10062.0,38390.0,9569.0,114249.0,4859.0,147287.0,66247.0,162208.0,162208.0,2085.7580000000003,0
2022-01-01,23.46,24.35,27.95,25.6,-1.11,-1.31,-0.37,-0.94,89009.0,9569.0,37010.0,12844.0,121612.0,5301.0,156596.0,67587.0,171466.0,171466.0,1930.4470000000001,0
2022-02-01,24.52,25.26,27.83,25.86,-1.58,-1.14,-0.37,-0.89,89009.0,9569.0,37010.0,12844.0,121612.0,5301.0,156596.0,67587.0,171466.0,171466.0,1930.4470000000001,0
2022-03-01,25.73,26.47,27.63,26.31,-0.76,-0.73,-0.69,-0.97,89009.0,9569.0,37010.0,12844.0,121612.0,5301.0,156596.0,67587.0,171466.0,171466.0,1930.4470000000001,0
2022-04-01,24.14,26.66,27.8,26.7,-1.4,-0.92,-0.83,-1.11,89009.0,9569.0,37010.0,12844.0,121612.0,5301.0,156596.0,67587.0,171466.0,171466.0,1930.4470000000001,0
2022-05-01,22.76,26.2,28.12,26.82,-1.66,-1.05,-0.8,-1.11,89009.0,9569.0,37010.0,12844.0,121612.0,5301.0,156596.0,67587.0,171466.0,171466.0,1930.4470000000001,0
2022-06-01,21.63,25.81,28.27,26.98,-1.49,-0.81,-0.7,-0.75,89009.0,9569.0,37010.0,12844.0,121612.0,5301.0,156596.0,67587.0,171466.0,171466.0,1930.4470000000001,0
2022-07-01,20.76,25.28,27.92,26.6,-1.2,-0.53,-0.98,-0.69,89009.0,9569.0,37010.0,12844.0,121612.0,5301.0,156596.0,67587.0,171466.0,171466.0,1930.4470000000001,0
2022-08-01,20.41,24.44,27.7,25.88,-0.6,-0.67,-1.09,-0.97,89009.0,9569.0,37010.0,12844.0,121612.0,5301.0,156596.0,67587.0,171466.0,171466.0,1930.4470000000001,0
2022-09-01,19.71,23.94,27.59,25.65,-1.02,-0.96,-1.17,-1.07,89009.0,9569.0,37010.0,12844.0,121612.0,5301.0,156596.0,67587.0,171466.0,171466.0,1930.4470000000001,0
2022-10-01,19.23,23.88,27.64,25.73,-1.78,-1.11,-1.12,-0.99,89009.0,9569.0,37010.0,12844.0,121612.0,5301.0,156596.0,67587.0,171466.0,171466.0,1930.4470000000001,0
2022-11-01,20.52,24.16,27.71,25.8,-1.13,-0.94,-0.99,-0.9,89009.0,9569.0,37010.0,12844.0,121612.0,5301.0,156596.0,67587.0,171466.0,171466.0,1930.4470000000001,0
2022-12-01,22.35,24.41,27.7,25.75,-0.46,-0.82,-0.84,-0.85,89009.0,9569.0,37010.0,12844.0,121612.0,5301.0,156596.0,67587.0,171466.0,171466.0,1930.4470000000001,0
2023-01-01,24.0,25.1,27.66,25.83,-0.56,-0.56,-0.66,-0.72,73713.0,12844.0,38042.0,6831.0,118496.0,6025.0,144500.0,70787.0,163369.0,163369.0,2009.381,0
2023-02-01,26.58,26.31,27.65,26.29,0.48,-0.1,-0.55,-0.46,73713.0,12844.0,38042.0,6831.0,118496.0,6025.0,144500.0,70787.0,163369.0,163369.0,2009.381,0
2023-03-01,27.98,27.5,28.07,27.17,1.49,0.3,-0.25,-0.11,73713.0,12844.0,38042.0,6831.0,118496.0,6025.0,144500.0,70787.0,163369.0,163369.0,2009.381,0
2023-04-01,28.16,28.05,28.75,27.96,2.62,0.47,0.13,0.14,73713.0,12844.0,38042.0,6831.0,118496.0,6025.0,144500.0,70787.0,163369.0,163369.0,2009.381,0
2023-05-01,26.64,28.09,29.22,28.39,2.22,0.84,0.3,0.46,73713.0,12844.0,38042.0,6831.0,118496.0,6025.0,144500.0,70787.0,163369.0,163369.0,2009.381,0
2023-06-01,25.63,27.88,29.55,28.57,2.5,1.26,0.58,0.84,73713.0,12844.0,38042.0,6831.0,118496.0,6025.0,144500.0,70787.0,163369.0,163369.0,2009.381,0
2023-07-01,24.94,27.41,29.6,28.32,2.98,1.6,0.7,1.02,73713.0,12844.0,38042.0,6831.0,118496.0,6025.0,144500.0,70787.0,163369.0,163369.0,2009.381,0
2023-08-01,24.3,27.12,29.72,28.2,3.29,2.0,0.93,1.35,73713.0,12844.0,38042.0,6831.0,118496.0,6025.0,144500.0,70787.0,163369.0,163369.0,2009.381,0
2023-09-01,23.14,27.01,29.88,28.32,2.42,2.1,1.12,1.6,73713.0,12844.0,38042.0,6831.0,118496.0,6025.0,144500.0,70787.0,163369.0,163369.0,2009.381,0
2023-10-01,23.34,27.13,29.99,28.44,2.32,2.15,1.23,1.72,73713.0,12844.0,38042.0,6831.0,118496.0,6025.0,144500.0,70787.0,163369.0,163369.0,2009.381,0
2023-11-01,23.73,27.2,30.21,28.72,2.07,2.1,1.51,2.02,73713.0,12844.0,38042.0,6831.0,118496.0,6025.0,144500.0,70787.0,163369.0,163369.0,2009.381,0
2023-12-01,24.42,27.24,30.04,28.62,1.61,2.02,1.5,2.03,73713.0,12844.0,38042.0,6831.0,118496.0,6025.0,144500.0,70787.0,163369.0,163369.0,2009.381,0
2024-01-01,25.86,27.51,29.86,28.35,1.29,1.85,1.54,1.81,74982.0,6831.0,38408.0,8067.0,111161.0,6328.0,144477.0,69495.0,157636.0,157636.0,1835.19,0
2024-02-01,27.22,27.92,29.46,28.27,1.12,1.52,1.26,1.52,74982.0,6831.0,38408.0,8067.0,111161.0,6328.0,144477.0,69495.0,157636.0,157636.0,1835.19,0
2024-03-01,26.74,28.03,29.31,28.41,0.25,0.83,0.99,1.13,74982.0,6831.0,38408.0,8067.0,111161.0,6328.0,144477.0,69495.0,157636.0,157636.0,1835.19,0
2024-04-01,25.33,28.08,29.55,28.59,-0.21,0.5,0.92,0.77,74982.0,6831.0,38408.0,8067.0,111161.0,6328.0,144477.0,69495.0,157636.0,157636.0,1835.19,0
2024-05-01,23.25,27.06,29.7,28.16,-1.16,-0.19,0.79,0.23,74982.0,6831.0,38408.0,8067.0,111161.0,6328.0,144477.0,69495.0,157636.0,157636.0,1835.19,0
2024-06-01,22.18,26.35,29.68,27.9,-0.95,-0.27,0.71,0.17,74982.0,6831.0,38408.0,8067.0,111161.0,6328.0,144477.0,69495.0,157636.0,157636.0,1835.19,0
2024-07-01,21.18,25.66,29.41,27.34,-0.78,-0.14,0.51,0.04,74982.0,6831.0,38408.0,8067.0,111161.0,6328.0,144477.0,69495.0,157636.0,157636.0,1835.19,0
2024-08-01,20.58,24.83,29.19,26.73,-0.42,-0.29,0.41,-0.12,74982.0,6831.0,38408.0,8067.0,111161.0,6328.0,144477.0,69495.0,157636.0,157636.0,1835.19,0
2024-09-01,19.98,24.71,28.91,26.45,-0.75,-0.2,0.15,-0.26,74982.0,6831.0,38408.0,8067.0,111161.0,6328.0,144477.0,69495.0,157636.0,157636.0,1835.19,0
2024-10-01,20.7,24.82,28.88,26.44,-0.32,-0.16,0.12,-0.27,74982.0,6831.0,38408.0,8067.0,111161.0,6328.0,144477.0,69495.0,157636.0,157636.0,1835.19,0
2024-11-01,21.72,24.94,28.82,26.45,0.06,-0.16,0.12,-0.25,74982.0,6831.0,38408.0,8067.0,111161.0,6328.0,144477.0,69495.0,157636.0,157636.0,1835.19,0
2024-12-01,22.78,24.83,28.26,26.0,-0.03,-0.39,-0.28,-0.6,74982.0,6831.0,38408.0,8067.0,111161.0,6328.0,144477.0,69495.0,157636.0,157636.0,1835.19,0
2025-01-01,24.24,25.36,27.77,25.8,-0.33,-0.3,-0.55,-0.74,83921.0,8067.0,39475.0,4844.0,119035.0,6006.0,149281.0,65360.0,163354.0,163354.0,1835.19,1
2025-02-01,26.68,26.42,27.67,26.32,0.58,0.02,-0.52,-0.43,83921.0,8067.0,39475.0,4844.0,119035.0,6006.0,149281.0,65360.0,163354.0,163354.0,1835.19,1
2025-03-01,27.48,27.65,27.98,27.29,0.99,0.45,-0.34,0.01,83921.0,8067.0,39475.0,4844.0,119035.0,6006.0,149281.0,65360.0,163354.0,163354.0,1835.19,1
2025-04-01,25.95,27.63,28.46,27.68,0.42,0.05,-0.17,-0.14,83921.0,8067.0,39475.0,4844.0,119035.0,6006.0,149281.0,65360.0,163354.0,163354.0,1835.19,1
2025-05-01,24.35,27.12,28.96,27.8,-0.06,-0.13,0.04,-0.13,83921.0,8067.0,39475.0,4844.0,119035.0,6006.0,149281.0,65360.0,163354.0,163354.0,1835.19,1
2025-06-01,23.22,26.54,29.14,27.66,0.09,-0.08,0.17,-0.07,83921.0,8067.0,39475.0,4844.0,119035.0,6006.0,149281.0,65360.0,163354.0,163354.0,1835.19,1
2025-07-01,22.21,25.79,28.92,27.15,0.25,-0.02,0.03,-0.14,83921.0,8067.0,39475.0,4844.0,119035.0,6006.0,149281.0,65360.0,163354.0,163354.0,1835.19,1
2025-08-01,21.06,24.87,28.63,26.49,0.06,-0.25,-0.15,-0.36,83921.0,8067.0,39475.0,4844.0,119035.0,6006.0,149281.0,65360.0,163354.0,163354.0,1835.19,1
2025-09-01,20.29,24.4,28.49,26.25,-0.44,-0.5,-0.27,-0.47,83921.0,8067.0,39475.0,4844.0,119035.0,6006.0,149281.0,65360.0,163354.0,163354.0,1835.19,1
2025-10-01,20.67,24.57,28.36,26.22,-0.35,-0.41,-0.41,-0.5,83921.0,8067.0,39475.0,4844.0,119035.0,6006.0,149281.0,65360.0,163354.0,163354.0,1835.19,1
2025-11-01,21.19,24.47,28.17,26.01,-0.46,-0.63,-0.52,-0.7,83921.0,8067.0,39475.0,4844.0,119035.0,6006.0,149281.0,65360.0,163354.0,163354.0,1835.19,1
2025-12-01,22.19,24.43,28.21,25.93,-0.62,-0.8,-0.33,-0.67,83921.0,8067.0,39475.0,4844.0,119035.0,6006.0,149281.0,65360.0,163354.0,163354.0,1835.19,1
2026-01-01,24.28,25.02,28.24,25.96,-0.29,-0.64,-0.08,-0.58,86505.0,4844.0,40403.0,3753.0,122057.0,5964.0,155405.0,68900.0,166213.0,166213.0,1835.19,1
